{"cameraMode":{"drawMode":0,"name":"Shaded","section":"Shading Mode"},"sceneLighting":true,"audioPlay":false,"sceneViewState":{"m_AlwaysRefresh":false,"showFog":true,"showSkybox":true,"showFlares":true,"showImageEffects":true,"showParticleSystems":true,"showVisualEffectGraphs":true,"m_FxEnabled":true},"in2DMode":false,"pivot":{"x":4.004497051239014,"y":1.1264855861663819,"z":0.012460529804229737},"rotation":{"x":-0.02904682606458664,"y":-0.9708508253097534,"z":0.1601637452840805,"w":-0.1760694980621338},"size":1.5152006149291993,"orthographic":true}