{"cameraMode":{"drawMode":0,"name":"Shaded","section":"Shading Mode"},"sceneLighting":true,"audioPlay":false,"sceneViewState":{"m_AlwaysRefresh":false,"showFog":true,"showSkybox":true,"showFlares":true,"showImageEffects":true,"showParticleSystems":true,"showVisualEffectGraphs":true,"m_FxEnabled":true},"in2DMode":false,"pivot":{"x":0.20315313339233399,"y":0.725909948348999,"z":-1.0268287658691407},"rotation":{"x":0.006072802934795618,"y":0.9850357174873352,"z":-0.16858011484146119,"w":0.03547563776373863},"size":7.7797393798828129,"orthographic":true}