{"cameraMode":{"drawMode":0,"name":"Shaded","section":"Shading Mode"},"sceneLighting":true,"audioPlay":false,"sceneViewState":{"m_AlwaysRefresh":false,"showFog":true,"showSkybox":true,"showFlares":true,"showImageEffects":true,"showParticleSystems":true,"showVisualEffectGraphs":true,"m_FxEnabled":true},"in2DMode":false,"pivot":{"x":-0.4965653121471405,"y":0.0000017028226011461812,"z":0.012509030289947987},"rotation":{"x":0.004434511065483093,"y":-0.935828447341919,"z":0.3522481918334961,"w":0.011786162853240967},"size":9.19531536102295,"orthographic":true}