{"cameraMode":{"drawMode":0,"name":"Shaded","section":"Shading Mode"},"sceneLighting":true,"audioPlay":false,"sceneViewState":{"m_AlwaysRefresh":false,"showFog":true,"showSkybox":true,"showFlares":true,"showImageEffects":true,"showParticleSystems":true,"showVisualEffectGraphs":true,"m_FxEnabled":true},"in2DMode":false,"pivot":{"x":0.20315313339233399,"y":0.725909948348999,"z":-1.0268287658691407},"rotation":{"x":-0.002487009624019265,"y":0.909993588924408,"z":-0.4145909249782562,"w":-0.005461082793772221},"size":5.235021114349365,"orthographic":true}