{"cameraMode":{"drawMode":0,"name":"Shaded","section":"Shading Mode"},"sceneLighting":true,"audioPlay":false,"sceneViewState":{"m_AlwaysRefresh":false,"showFog":true,"showSkybox":true,"showFlares":true,"showImageEffects":true,"showParticleSystems":true,"showVisualEffectGraphs":true,"m_FxEnabled":true},"in2DMode":false,"pivot":{"x":1.7082539796829224,"y":1.0754435062408448,"z":0.7974858283996582},"rotation":{"x":0.0023069640155881645,"y":0.9812702536582947,"z":-0.19228173792362214,"w":0.011775980703532696},"size":6.237326145172119,"orthographic":true}