{"cameraMode":{"drawMode":0,"name":"Shaded","section":"Shading Mode"},"sceneLighting":true,"audioPlay":false,"sceneViewState":{"m_AlwaysRefresh":false,"showFog":true,"showSkybox":true,"showFlares":true,"showImageEffects":true,"showParticleSystems":true,"showVisualEffectGraphs":true,"m_FxEnabled":true},"in2DMode":false,"pivot":{"x":0.20315313339233399,"y":0.725909948348999,"z":-1.0268287658691407},"rotation":{"x":-0.008355939760804177,"y":-0.9686094522476196,"z":0.24629487097263337,"w":-0.032854773104190829},"size":5.511946201324463,"orthographic":true}