{"cameraMode":{"drawMode":0,"name":"Shaded","section":"Shading Mode"},"sceneLighting":true,"audioPlay":false,"sceneViewState":{"m_AlwaysRefresh":false,"showFog":true,"showSkybox":true,"showFlares":true,"showImageEffects":true,"showParticleSystems":true,"showVisualEffectGraphs":true,"m_FxEnabled":true},"in2DMode":false,"pivot":{"x":3.012272834777832,"y":1.0971540212631226,"z":1.30385160446167e-7},"rotation":{"x":0.00572631461545825,"y":0.994275689125061,"z":-0.07321105897426605,"w":0.07771532982587815},"size":3.8837594985961916,"orthographic":true}