{"cameraMode":{"drawMode":0,"name":"Shaded","section":"Shading Mode"},"sceneLighting":true,"audioPlay":false,"sceneViewState":{"m_AlwaysRefresh":false,"showFog":true,"showSkybox":true,"showFlares":true,"showImageEffects":true,"showParticleSystems":true,"showVisualEffectGraphs":true,"m_FxEnabled":true},"in2DMode":false,"pivot":{"x":3.5188045501708986,"y":1.088117241859436,"z":-0.4392819404602051},"rotation":{"x":-0.0012824758887290955,"y":-0.998310923576355,"z":0.023963961750268937,"w":-0.05336657166481018},"size":1.7978860139846802,"orthographic":true}