{"cameraMode":{"drawMode":0,"name":"Shaded","section":"Shading Mode"},"sceneLighting":true,"audioPlay":false,"sceneViewState":{"m_AlwaysRefresh":false,"showFog":true,"showSkybox":true,"showFlares":true,"showImageEffects":true,"showParticleSystems":true,"showVisualEffectGraphs":true,"m_FxEnabled":true},"in2DMode":false,"pivot":{"x":2.518566131591797,"y":0.8667939901351929,"z":-0.00004851818084716797},"rotation":{"x":0.0023069640155881645,"y":0.9812702536582947,"z":-0.19228173792362214,"w":0.011775980703532696},"size":4.488617897033691,"orthographic":true}